{
  "test/integration/opaTests.qunit.js.map": 1734282169072,
  "test/integration/pages/RisksObjectPage.js": 1734186599316,
  "test/integration/pages/RisksList.js": 1734186599316,
  "test/integration/opaTests.qunit.js": 1734186599304,
  "test/integration/FirstJourney.js": 1734186599328,
  "test/testsuite.qunit.js": 1734186599296,
  "xs-app.json": 1734201060355,
  "manifest.json": 1734200466205,
  "Component.js": 1734186599240,
  "Component-dbg.js": 1734186599240,
  "Component.js.map": 1734282169075,
  "test/integration/pages/RisksList-dbg.js": 1734186599316,
  "test/integration/pages/RisksList.js.map": 1734282169079,
  "test/integration/opaTests.qunit-dbg.js": 1734186599304,
  "i18n/i18n.properties": 1734186623256,
  "test/integration/FirstJourney-dbg.js": 1734186599328,
  "test/integration/FirstJourney.js.map": 1734282169081,
  "test/testsuite.qunit-dbg.js": 1734186599296,
  "test/testsuite.qunit.js.map": 1734282169075,
  "test/integration/pages/RisksObjectPage-dbg.js": 1734186599316,
  "test/integration/pages/RisksObjectPage.js.map": 1734282169077,
  "Component-preload.js": 1734282169135,
  "Component-preload.js.map": 1734282169135,
  "test/integration/opaTests.qunit.html": 1734186599304,
  "test/testsuite.qunit.html": 1734186599284,
  "test/flpSandbox.html": 1734186599284,
  "index.html": 1734186599240
}